character,personality
ğŸ© Desiree,Adventurous
ğŸ™‹ Joy,Appreciative (Grateful)
ğŸ˜” Adela,"Articulate (Well-spoken, Expressive)"
ğŸ¦‹ Pretty,Attractive
ğŸ˜Š Lovely,Brilliant
ğŸ¤· Don,Calm
ğŸ“· Cam,Captivating
â™ Justice,Caring
ğŸ˜Š Beau,Charming
ğŸ˜ Sunny,Cheerful
ğŸ Rigo,Clever
ğŸ‘± Violet,"Colorful (Full of Life, Interesting)"
ğŸ˜® Mercy,"Compassionate (Sympathetic, Warm)"
ğŸ¤” Chance,Confident
ğŸ¤“ Nery,Considerate
ğŸ˜” Consuelo,"Contemplative (Reflective, Thoughtful)"
ğŸ˜‚ Joy,Courageous
ğŸ¨ Art,Creative
ğŸ‡©ğŸ‡ª German,"Cultured (Refined, Educated)"
ğŸ© Desiree,Curious
ğŸ˜‚ Joy,Daring
ğŸˆš Deepak,Deep
ğŸ’‹ Juliet,Dramatic
ğŸ’ Ernest,Earnest (Enthusiastic)
ğŸ¦‹ Pretty,Elegant
ğŸ™‡ Lara,"Eloquent (Well-spoken, Expressive)"
ğŸ’Œ Emely,Empathetic
ğŸ’¡ Maxwell,Energetic
ğŸ˜‚ Joy,Enthusiastic
ğŸ™‹ Hope,Exciting
ğŸ‘¼ Angel,Extraordinary
â›ª Faith,Freethinking
ğŸ’‘ Love,Fun-loving
ğŸ˜® Mercy,Gentle
ğŸ˜‚ Joy,Happy
ğŸ¤¥ Lucky,Honest
ğŸ¤· Modesto,Humble
ğŸ˜‚ Joy,Humorous
â›ª Christian,Idealistic
ğŸ‘¸ Susie,Imaginative
ğŸ¤” Mindy,Insightful
ğŸ’ Darwin,Intelligent
ğŸ¦‹ Pretty,Kind
ğŸ‰ Lore,Knowledgeable
ğŸ¤” Mindy,Logical
ğŸ•µ Cristian,"Meticulous (Precise, Thorough)"
ğŸ˜” Emerson,"Objective (Detached, Impartial)"
ğŸ“· Cam,Observant
ğŸ”“ Kara,Open
ğŸ™‹ Hope,Optimistic
ğŸ’Œ Love,Passionate
ğŸˆ America,Patriotic
â˜® Justice,Peaceful
ğŸ™ Perla,Perceptive
ğŸ˜‚ Joy,Playful
ğŸ Sage,Practical
ğŸ’– Precious,Profound
ğŸ”® Crystal,Rational
ğŸ¦‹ Pretty,Realistic
ğŸ˜” Reina,Reflective
ğŸ˜ Sunny,Relaxed
ğŸ™‡ Justice,Respectful
ğŸ’‘ Love,Romantic
ğŸŒ¿ Rosemary,Rustic (Rural)
ğŸ“š Terence,Scholarly
ğŸ™‡ Justice,Sensitive
ğŸ’Ÿ Precious,Sentimental
ğŸ¤· Hope,Serious
ğŸ¤‘ Rich,Simple
ğŸ¤“ Sage,Sophisticated
ğŸ‘¼ Chanel,Spirited
ğŸ‘± Carolyn,Spontaneous
ğŸ˜’ Staci,"Stoic (Unemotional, Matter-of-fact)"
ğŸ£ Susy,"Suave (Charming, Smooth)"
ğŸ˜ Lovely,Sweet
ğŸ’– Aura,Sympathetic
ğŸµ Melody,"Vivacious (Lively, Animated)"
ğŸ˜ Sunny,Warm
ğŸ Sage,Wise
ğŸ¤“ Sage,Witty
ğŸ‘´ Young,Youthful
ğŸ” Heidy,Absentminded
ğŸŒ± Young,Aggressive
ğŸ˜‚ Joy,Amusing
ğŸ¨ Art,Artful
ğŸ‘¦ Ashish,Boyish
ğŸ‘¤ Bree,"Breezy (Relaxed, Informal)"
ğŸ•´ Rich,Businesslike
ğŸ‘• Tre,Casual
â˜¯ Terence,"Cerebral (Intellectual, Logical)"
ğŸ‘¨â€ğŸ‘¨â€ğŸ‘§â€ğŸ‘¦ Moises,Complex
â˜¸ Ira,"Conservative (Traditional, Conventional)"
ğŸˆš Nery,Contradictory
ğŸ˜ Lovely,Cute
ğŸ¤” Mindy,Dreamy
ğŸ’§ Tee,Dry
ğŸ’• Love,Emotional
ğŸ‰ Lore,"Enigmatic (Cryptic, Obscure)"
ğŸ“§ Emil,Formal
ğŸ’© Gio,Glamorous
ğŸ¨ Art,High-spirited
ğŸš´ Rob,Impersonal
ğŸ’Œ Love,Intense
ğŸ‘ª Familia,Maternal (Mother-like)
ğŸˆ Mel,"Mellow (Soothing, Sweet)"
â‡ Aura,Mystical
ğŸ Red,Neutral
ğŸ‘´ Elder,Old-fashioned
ğŸŒŸ Lu,Ordinary
â›ª Faith,Questioning
ğŸ™ Chuy,Sarcastic
ğŸ’‘ Love,Sensual
â›ª Faith,Skeptical
ğŸ’Ÿ Precious,Solemn
ğŸ‘” Stacie,Stylish
ğŸ¤ Lucky,Tough
ğŸ¬ Precious,"Whimsical (Playful, Fanciful)"
ğŸ˜œ Abhishek,"Abrasive (Annoying, Irritating)"
ğŸª Aly,"Airy (Casual, Not Serious)"
ğŸª Aly,"Aloof (Detached, Distant)"
ğŸ’¢ Joy,Angry
ğŸ˜¨ Faith,Anxious
ğŸ˜’ Anibal,"Apathetic (Uncaring, Disinterested)"
â›ª Christian,Argumentative
ğŸ Damion,Arrogant
ğŸ¤¶ Mimi,Artificial
â˜¯ Faith,Assertive
ğŸ« Barb,Barbaric
ğŸ˜• Blaine,"Bewildered (Astonished, Confused)"
ğŸ¤ Lucky,Bizarre
ğŸŒ¹ Rosy,Bland
ğŸŒ¹ Rose,Blunt
ğŸƒ Jacky,"Boisterous (Rowdy, Loud)"
ğŸ‘¦ Young,Childish
ğŸ¤¼ Mick,"Coarse (Not Fine, Crass)"
ğŸ˜ Sunny,Cold
ğŸ¤“ Jaden,"Conceited (Arrogant, Egotistical)"
ğŸ˜• Love,Confused
ğŸ˜§ Ashish,"Contemptible (Despicable, Vile)"
ğŸ˜” Charly,Cowardly
âœ¡ Jesus,Crazy
ğŸ¥ Cristy,Critical
ğŸ˜® Mercy,Cruel
ğŸ¤· Faith,"Cynical (Doubtful, Skeptical)"
ğŸ˜’ Irma,Destructive
ğŸ™ Manish,Devious
ğŸ¤· Don,Discouraging
ğŸ¨ Art,Disturbing
ğŸ˜” Beau,Dull
ğŸ˜’ Jaden,Egocentric (Self-centered)
ğŸ¤ Lucky,Envious
ğŸ¤“ Nery,Erratic
ğŸŒ¯ Esperanza,"Escapist (Dreamer, Seeks Distraction)"
ğŸµ Melody,Excitable
ğŸŒŸ Rich,Extravagant
â• Max,Extreme
â™ˆ Chantal,Fanatical
ğŸ¤ Chance,Fanciful
ğŸ˜” Autumn,"Fatalistic (Bleak, Gloomy)"
âšœ Flaco,"Fawning (Flattering, Deferential)"
ğŸ˜¨ Christian,Fearful
ğŸ˜” Barry,"Fickle (Changeable, Temperamental)"
ğŸ”¥ Ashish,Fiery
â‡ Precious,Foolish
ğŸ˜‚ Joy,Frightening
ğŸ’« Lenny,"Frivolous (Trivial, Silly)"
ğŸ˜ Sunny,Gloomy
ğŸ‡¬ğŸ‡ª Georgia,Grand
ğŸ˜¬ Dusty,Grim
ğŸ™ Lesly,Hateful
ğŸª Mery,"Haughty (Arrogant, Snobbish)"
ğŸ¦Œ Hunter,Hostile
â›ª Christian,Irrational
ğŸ˜‚ Joy,Irritable
ğŸ¤· Don,Lazy
ğŸ–¤ Ava,Malicious
ğŸˆ Melina,Melancholic
ğŸ˜‚ Joy,Miserable
ğŸ¤‘ Rich,Money-minded
ğŸ‘¹ Dino,Monstrous
ğŸ· Brandy,Moody
âš° Noelle,Morbid
ğŸ¤“ Nabil,"Narcissistic (Self-centered, Egotistical)"
ğŸ™ Manish,"Neurotic (Manic, Obsessive)"
âœ’ Nita,Nihilistic
ğŸ’¢ Ashish,Obnoxious
ğŸ¤· Desiree,Obsessive
ğŸ¤“ Nery,Odd
ã€½ Mark,Offhand
ğŸ¤” Mindy,Opinionated
ğŸ‘‘ King,Outrageous
ğŸ“ Memo,Overimaginative
ğŸ˜¨ Faith,Paranoid
ğŸœ Ana,Passive
ğŸ™ Mauricio,"Pompous (Self-important, Arrogant)"
âœ¨ Marianne,"Pretentious (Snobbish, Showy)"
ğŸ’¢ Steph,Provocative
ğŸ¦‹ Pretty,Quirky
ğŸ˜£ Rebeca,Resentful
ğŸ¤¡ Ever,Ridiculous
ğŸ‘¤ Matilde,Rigid
ğŸª Rony,Rowdy
â™ Susy,Scornful
ğŸ‘´ Young,Shy
ğŸ‘¹ Gee,Silly
ğŸ¤œ Arely,Stiff
ğŸ¤” Mindy,Stupid
ğŸ“ Memo,Tense
ğŸ˜” Oscar,Uncreative
ğŸ“ Memo,Unimaginative
ğŸ¤ Chance,Unrealistic
â™ Vilma,"Vacuous (Empty, Unintelligent)"
â‡ Rosy,Vague
ğŸ™ Hope,Wishful
ğŸª Ronny,Zany
